revenu_annuel,score_fidelite,frequence_achat,depenses_moyennes,anciennete_client
14881.677995083737,22.196918715604646,6.806772058711729,204.3947540257228,-6.934403211376427
2893.743943380643,141.29557115715653,24.48516497530464,105.72131694584482,-5.523088675337984
3145.1081778069347,144.3405160816732,22.243462924875672,131.8380450362737,-10.18228730954198
37007.57171427275,91.52385118094713,16.206594748453334,231.88634913701983,-12.50260392819709
45970.754186090744,154.45288773438125,21.233931426373594,230.00531633960426,-6.482346720822738
9879.01619437366,-49.92041281316958,21.827336527670813,265.33024995523596,12.741424695523406
40203.49873046261,126.04466448707288,17.738156920446123,207.6869880221461,-8.947291674122056
6189.4312216327235,150.65357754987278,20.820744583610445,89.41654873944613,-6.634580423551991
20317.082075004266,30.109885501129302,3.7110810536838894,101.17011135097611,-4.838468908108771
28123.735816255816,-32.463204619015386,21.059396644891855,253.78408474388775,16.91279757177877
37315.16336479333,135.81298169818115,20.247913353470473,214.64646537224496,-7.201214839579023
-539.1634763495167,-49.1705773549964,24.01365511451432,210.83061888274798,12.929132210564903
35651.57139855024,134.52054916873925,21.412637577066675,252.79129302339584,-9.84215287975978
19771.177104125214,-31.544960985135987,31.14205286570066,221.14045778587922,16.10642349608553
22451.33673036964,-50.430961826565266,29.125111537875974,232.31229666600643,13.258801228796509
12369.424961444667,-3.4025038700843595,6.65944447878022,158.29071227303075,-3.5989794637678028
11410.137296090637,143.05191029190837,26.15205346319113,73.94043366026891,-12.838616072196132
423.10521413743845,131.2674615031126,21.34143896623769,52.2466531510388,-10.081287036099086
34012.3799132192,156.32307378345266,19.164232263954084,234.28457468059005,-6.108274569842523
51774.636688262224,119.1643476746961,20.968665382527917,219.94411660515982,-10.220630533596628
14119.413881315319,-40.652376821162775,24.062320989939366,274.4591076032955,15.103573278684404
1485.584192387978,-46.61415118247453,24.925580534420753,245.24169645720553,10.239877689063944
17476.2692412019,5.074305265756323,12.612982820972483,199.0630824725833,-5.355869976618727
7662.831208713964,-16.92919238171234,13.341026259685336,152.4187156180232,-4.305546975306184
39674.913962720566,144.05869036468155,19.295098042383586,232.42577967756023,-13.005366608453784
29306.920525725658,17.577985059625455,13.876218832505037,165.66764835646745,-1.1011336738071904
22042.862342667013,30.289394518628487,7.668786814882159,161.81282934728833,-3.80473205277589
22489.069658187447,2.6254441194059552,16.760594649764375,149.53955835628884,-8.418383505980108
19572.661725622653,43.79179572419953,12.469216640832892,171.05247486668242,-0.1248041862076299
17684.68601951452,19.073243005225024,13.839040979382979,170.99555201867148,2.2156755523044662
20133.31698128552,-25.148281631508965,23.290774832498165,226.34474026449845,14.120537800797964
23464.62359625944,9.126414860521592,12.690572443842054,153.05683083700455,-3.4977294846536733
37193.67361194693,122.61269071769023,22.708226116001264,262.0213846594179,-6.386158541173399
37157.34823081134,150.3653717425726,19.364712800847585,240.356077863687,-5.944402964374547
27567.117302724288,1.8938342910914372,3.819344162881201,160.4113851061122,-0.6104131960261032
35760.68963108723,141.15578435230208,15.005513113815832,223.13191194305915,-8.426486613172942
13280.383955746292,-49.66562365021885,25.60456936225495,280.65951807797785,7.697385702904584
-4198.973411606625,155.44241715599176,18.669301086387932,65.95299337475927,-5.937677898970717
13884.952668570128,-53.29851818548778,16.960044854611475,234.71517181927845,20.560749376680565
38274.47284427295,151.0293606404636,20.72278536766634,246.17991440718856,-11.130677748638476
14765.256573505016,-51.94189218833195,22.440456003228107,277.5287999535966,16.596833473624624
26379.92497443186,-2.3407931442722756,12.036042624872456,169.02277460535137,-0.8101880804235808
35541.68275407983,162.70275611072353,11.326848247277166,272.20859923648845,-5.020998804809654
19982.549387163897,-8.736668798627818,19.95432099586425,288.96238194634225,13.635970924411456
4746.8515661524,133.01762629666678,25.57147118178773,105.50087643501658,-2.1811748118267413
27141.268060086717,6.760277771480403,9.96846114455993,187.7822984502628,-7.421641101177048
32604.7152529173,123.91964122776729,24.341182577673898,265.9125863872981,-8.783172306252393
3776.5095911230164,160.0967406231323,23.97072460235112,112.0561709141499,-8.619447914337526
12144.611047484315,0.5432370964150834,6.938589372260565,170.5018639362956,-8.404837123757483
13652.851951740893,-27.30112035304755,26.493148283036568,212.38284363594565,16.580849460366913
15810.810713888728,-38.52006251602316,27.90473252849214,254.68695168368208,13.247822235606385
20713.138396864466,-2.430281699955792,11.53344549360276,211.8763485763282,-1.5923369908999732
26593.37932350632,119.03090466633489,17.124425008698893,233.05997912745923,-7.826531685508526
28176.881553150633,120.33601208571908,20.845582369306896,248.37293387581022,-8.00777583126491
2336.1567918988803,-33.53576185358838,24.2042380721014,226.46490964123626,8.53879391004143
32265.30675955804,3.6219590255054186,11.963633078347065,118.66212367997534,-10.526703005017394
19699.83470485876,17.752522966642104,11.574784286099929,142.18714786558058,-2.73174907810197
37037.12685290784,144.3423906767805,15.903290530561073,312.83595306731945,-8.371590836376857
25960.357623798915,-57.76721799294438,26.71616924673299,225.3567615807432,14.113364757834997
28281.19180355647,-10.253776550555529,12.747969868783462,150.67490337841764,-7.596635967850885
37077.226063867725,136.55864057898708,16.55706668633141,222.16025376176466,-6.493080704825271
20022.21156935807,5.652051001804054,6.155555187981031,164.89822184736127,-4.359995228311732
39900.00955155213,121.37615763620367,22.051838730076906,233.91632958552498,-10.327423443859658
16133.632193069949,31.19719937932728,10.389199531907023,179.73327022089174,0.0872560403478726
25063.863288975204,-51.9692620792994,22.685746815050948,222.57616587597875,17.44621739135427
14398.218980452999,11.334553792009586,8.972800477270507,179.4761325344541,-8.577499469984147
-3325.9422510267686,140.5241010546951,26.836881257099,90.75887319991119,-9.32064419553877
12510.164848999084,34.23028635936095,6.398873036059384,221.66727139023027,-4.468861143934246
7611.099560554976,-42.96164813168012,22.81850922451956,234.83686560772014,13.49285288653314
28312.33483685091,-47.72301799237688,25.230868196709135,218.17188712634206,9.3628355781797
14569.163620624793,-32.52630481742676,24.33738057219992,248.40687517927236,11.574627139007072
12043.492394493267,172.7874829645628,19.62902057335018,87.07325676863724,-11.607524187328263
38024.052320329334,148.22420116867875,16.517736893218103,244.54421839989698,-13.00039787301748
15617.076026676637,-19.263404319267607,9.825216450386039,163.6094341247969,-1.4498513177561465
36253.24093187167,28.612298269850136,13.158737950246051,176.13198220294794,-0.3293627902883154
42568.65916944848,135.4888599330814,20.252256729921527,235.5591020477841,-8.468266487324385
36315.62367196938,148.96761937925186,20.1227332756613,220.78240808419682,-9.383621133374366
39020.48884727192,110.74780942378658,15.29519952576091,245.36923075488835,-6.543854642316308
26310.380666249832,5.213943605424511,15.04359953524966,211.5603661423925,1.6403641043520976
21491.88755705582,-1.9990249692304403,11.28326839553452,134.84305524819735,-8.730153749682053
-3159.262149397735,130.21006568115024,27.016457651341554,73.04875392825767,-4.521863310633925
22913.43425698849,-30.866865017262427,25.21579068079364,270.47738747429776,5.213206232844106
1543.6940839392337,123.4572448499067,29.259533629709296,112.2765259365521,-7.409739937901534
9995.364440011595,-74.74688147045424,27.299182020080554,262.5513216100565,12.478920440487178
29794.7657562559,150.76820799147353,20.0111598137698,222.5410347567128,-12.600167578315222
-40.12813824729528,129.51390350874598,24.81560229238447,63.08747819911207,-1.2318331082961684
34785.94667613216,-46.846991546220934,25.20069974058852,286.7093032743198,19.341181776319186
25542.73695745441,17.785702952910356,7.452149900391663,177.94563904917743,-1.3362408768911624
-9316.369691075684,166.13598682417296,19.794366978213066,91.43891118418934,-11.018908894614508
26001.816431207364,24.632171411782483,9.611286948470523,140.38273402340167,-5.191597208166705
42346.4334728369,116.49697892721947,23.70937872163389,280.8661343032382,-10.635942486831128
12155.142601100859,151.81572997266554,23.003959892688158,153.10868588471692,-5.0598899448763
23595.705576247758,53.068265258995844,10.67722888632884,184.577218957006,-5.565005643062497
30085.356433198926,136.77336403202787,20.929913969529856,210.41306003290558,-8.44312786386466
137.10128586489736,140.35950874433718,23.112413032436486,99.31888981389237,-5.103450089318407
7872.115634841117,152.27757172018423,23.999778995076316,77.47978572907698,-4.125406336294358
28994.233139876356,9.146238903675432,11.654932686162146,209.82056487819014,-6.446700118361626
11502.618671726646,-32.5062174853219,20.21031112467502,245.94680229065818,13.276973564322832
13095.805860450193,-20.786408002560478,25.75597240759169,237.22694037715664,14.66605388927265
30724.604098592514,141.27992965488912,17.248272537919867,268.7169856813472,-9.200426526808956
19354.444943979342,-37.63667225864569,24.668235306881936,220.6363705130801,15.419388372449422
37191.59820600903,166.70487081651586,17.3988564990929,293.8368504187225,-6.635998575936114
20628.056662929364,-54.461136061962435,19.985769532949213,264.9826944380344,14.452131690134367
11158.68382272929,2.008465120497114,9.61434135698626,198.47908186412297,1.6812968713381453
14295.663376868855,16.64418839962846,13.503549929929282,152.40108786105765,-12.093602361529147
16189.494217306361,22.24117190419916,10.114981368513902,170.9832231509492,-1.8701537790754479
29674.665727287826,137.2877811107291,16.652902912301933,197.97940174988457,-5.980721739707615
-1375.4134667884282,141.59153695021024,22.185957344814522,44.49423091310544,-9.87104334268727
28366.06411838455,-34.77197987403159,32.452095173538595,257.41129406622986,8.040614834374365
24740.16592135014,-41.584920630313235,29.11922424154726,244.90602841334686,12.3116451984877
10163.887934347658,-3.934645418906406,8.08102610638549,176.0940669810645,-5.229780220627344
2260.0451535713873,-33.588500177575455,23.134506337974393,238.00032450423413,14.365932562456827
26950.32510793625,-28.92110229803845,21.57448535800979,296.0687816873092,16.986004198417877
8289.910451913871,17.331698953296353,8.946116560080792,201.8127881776024,-0.36948774848700516
15469.322063246116,8.992514397785001,9.797218184445702,137.2570907101695,-4.550531578471734
4702.236692256847,135.42669993619364,17.83589573037132,93.03736502305313,-13.463766237975307
29231.948733022236,118.54209804306879,24.06327286213112,214.0545532292648,-11.733431430671462
-484.9676649450412,149.5328871614332,22.926507591717602,98.669812569084,-9.21779738706991
5703.721600212521,120.77241059832338,26.545778793678092,70.80190471677409,-8.007909877933487
48925.63928069085,137.77274280329837,17.999114462613942,209.10026242100963,-13.723824397899847
-2532.802449080911,151.3500854135788,22.223617492775915,80.75372825141343,-5.508041856541961
3868.363941456104,126.71675917810626,24.45667558545155,78.80150764172681,-2.460574216769505
46139.84343598676,152.01780169142725,21.15211712361267,258.3137589567431,-8.795994700843284
14826.730135141013,-0.533030277123089,15.042814257386532,153.16763323772372,-5.769965179432472
31881.52241485387,-41.02156475284515,25.016660251350864,256.99056597849756,13.453710450959179
6574.33683252387,145.06252335165502,22.661078722313416,56.3780904706434,-7.494559756159388
20683.516930102072,-48.194412813271455,19.155147140428035,255.78208268303294,17.443878747330693
32958.69921258296,140.22151677775597,19.42069945375043,225.96142953443734,-6.890704585260044
-2698.6944280902753,140.44242062423427,25.530262762961975,97.5820267774073,-6.92654612282977
46356.7391764391,149.723814612421,15.850742934264751,288.4663396478475,-12.198290561358604
5247.645238895995,18.26903339853303,12.140562359500446,160.49875323397467,-0.33306085668907315
37592.266382726695,145.35658686240828,17.660478631528118,216.11425191674527,-8.171718617009496
13017.033543591868,25.53179197025923,6.875027877498997,221.0414331288775,-0.8661453215244546
19889.882846476346,-39.31614282134976,28.020105910608915,230.4236877678853,15.016720889522619
-3402.128804334665,149.58219882806983,24.234840263416586,120.71769923380289,-11.500605779442637
-1358.0970155987889,130.643358008974,26.16360730673013,111.21704804720429,-3.3089892844630295
33571.92714196496,143.4996805565667,19.230488984237947,275.11519188225714,-1.1784571046816747
7150.551837796993,131.79593519833756,23.15061760950276,80.12484183996554,-6.734447397869243
6749.759555813012,157.26044267723373,21.520637765060712,88.64207514997793,-1.864529010465116
17107.93694120295,14.029848888020176,8.010181166543664,142.30164264714693,-7.516462053571956
27180.489537893165,138.8186305567144,27.018885685419157,215.35315663972273,-3.8419039659703387
21680.51408231863,-26.48094675807691,19.401449911282864,279.57621198362807,8.335427147734794
8420.820171907442,-33.22645934311183,24.501088776286053,241.42991455963113,11.047417107741609
14734.197564003538,21.29096854929688,9.43717954668187,170.1352701359741,3.1589753721633063
-10596.633173750088,117.0735829643805,19.231363122680005,63.665015542395736,-1.8672238991362704
8196.635814537964,-12.905377254906156,12.229254001702907,166.35597652501045,-2.2126181992629936
22940.887414483732,-37.10350542788474,22.222248666074627,215.53267250058656,14.89044542763909
27738.947171105207,22.69724442462033,13.898964342548235,182.5836694751594,-7.518730582711292
17806.133001221468,-41.89939457110495,22.295748834238218,219.72977312779574,10.57432736539809
37306.72839278614,148.43021059824042,19.951500074650188,280.38760657802993,-8.383580874358818
7739.663049611387,164.54001259234957,25.383314332268867,93.44817498115549,-10.690621334418223
20163.63894279862,25.118042256399793,12.570951036286896,167.05184087025089,-3.945421421217482
-893.0244901927217,146.662391184556,26.985349984908023,103.02848481977547,-10.278607147957107
-14269.538418741162,146.6591203906797,27.584278755457575,40.711680310047285,-9.48478433166924
14305.09279666734,22.816105290344044,5.412246950309342,174.14275174676885,-1.6758251224432055
16682.6325088155,11.888995631778585,11.56804802148343,244.54129651506605,-9.6489031853354
28891.33900864335,-13.464389348142056,23.27575706123859,222.3796428864301,14.729225880066888
33472.496087833846,132.80126964420987,22.412240303663417,259.92013836760395,-3.21913240509444
-1734.6508523842786,128.09835662654984,27.742695839404668,143.8132599872343,-7.715914296172434
39598.002315173035,145.15971313178858,21.255390490474696,299.76952984180514,-9.290096064784688
34296.9484143662,-38.47434123945851,27.162518154352334,242.90088545371046,13.02623415226839
12583.724205519175,154.45051952048428,21.968573568631424,70.55085524933315,-6.83727467629369
41143.40567103504,120.33936317667357,24.774133970019264,274.84659730045325,-10.166781338616655
741.7198383361247,154.01179250376745,23.591908250633708,123.8117977272009,-9.883498474542167
23039.769655144188,-41.00767391679125,22.379810352518874,256.5413000043956,10.627499166468706
15029.819356301348,-43.18099041518278,25.102319807743626,215.3917176483828,19.59151927692614
2756.862336421902,6.043981523857916,15.920391732703116,183.59744419992015,-5.941315206973124
31021.005508172682,-54.931403052185345,23.98328496024009,232.14160570061588,14.24512320526912
5673.9498845956405,149.51296764216164,24.479097526665626,27.105466890942154,-8.563651494168244
9377.074824665564,157.75878709153505,19.560553502677717,86.58366760130592,-9.855740875963493
4812.3671962400185,-24.594843547732054,22.642613574380427,296.6449379838099,16.563047308985762
40024.45198256903,146.99415956928996,20.989059513152814,252.89465047933408,-6.831086102699908
8554.436579979614,-40.544590902184325,21.017961602474085,258.44386659716963,17.915155608872908
41529.21332758576,130.2035048977955,20.991553678235682,216.56561898253915,-14.173900684296097
6862.521442641046,145.8281434572416,22.95832147446965,45.959153367935755,-7.028641082895485
31466.782550697844,119.4530728617653,17.086967552630448,238.46958449260072,-3.3755807917491776
-438.00360328859097,142.58116754889963,21.70970929467176,39.501534995887425,-6.76222167769826
51346.09826855328,139.9404029109142,16.106624885588502,264.13974104191027,-12.421785332215606
23643.257063443787,-43.85756850950338,22.12941682898039,209.10172887665252,7.423833343713812
39097.63934221579,143.88361653764454,24.012117511746624,236.60452770720607,-7.922189804991522
16700.399623511883,-14.199968142528746,27.337563778594003,232.39008526010855,10.649326435595956
43705.47909680318,110.23682664341138,20.401927381998917,276.2934634530134,-12.388177438376157
14147.006089022383,-49.13561237540219,19.04743597977823,237.96558412200255,12.957660586691967
3541.994330234833,-35.61216888292424,30.717864488686324,240.65000003408343,12.752786006837335
28243.55605872214,-2.2680861331912254,12.873076157975007,164.39278355795028,-3.8257508261073134
12803.20339293201,-12.478819797859025,23.4481372741536,247.1865464698401,16.120675607461088
20108.502650588627,-60.041099808363214,17.758502971585692,223.92989921253601,9.660765834099342
15209.723120422641,16.009257415359542,12.035282483027895,145.8431054640774,-4.813950510924556
6338.417701565559,-7.410791791399646,11.468644785701901,145.99438199208976,-1.8099909993850343
47422.65586072949,143.09067882750526,21.40676894522174,236.77132285019783,-4.438902735954121
20522.17891726843,-19.084528114868533,7.626526045006339,200.66030700057075,-3.747244158782964
24627.748939811558,119.92007995039752,21.509549954524346,244.58935682265292,-9.311204391360578
4526.750269906217,162.77460994881113,21.953031783116423,64.16813439333356,-13.633770738964223
9687.758875294443,22.16944806292468,11.588529223249816,186.96915592165274,-5.287550608184507
28821.560054068977,145.77833155716831,17.477841602699787,230.71258118501635,-10.56437421899073
3190.9959941723573,32.47762367893589,9.453134543259434,174.4539256521812,-4.279783534042506
-2505.9734947175093,136.0473048114386,20.128032703736114,121.62813628417021,-8.50356451282547
-65.09229599800892,139.46907422528648,19.669274825760453,96.60500615187598,-6.97258048489444
31579.61219221447,135.3119385388981,21.720309324565214,202.53746418579598,-8.076874578490152
2003.8660873576591,2.9064441393024154,9.304730967234418,187.15883605972897,-11.225285561200657
11487.29730994076,-35.98300417856828,26.15239403950004,273.96796917435734,17.668400801520598
-2108.1514165712506,147.0478059064435,19.691257053788604,73.06522291862254,-6.77464152796545
5249.285910961531,147.31631826941168,27.13430307195705,56.366152849146545,-9.75798672709157
11940.116472527501,-6.023654367377553,22.829901061987393,262.7088658575627,14.220780853061294
19065.747029234837,-8.018633217057314,20.557523817218975,246.1371897255954,11.336956578451991
20167.987940424093,-54.76796903644879,23.697820481913,276.838935696659,13.748053852761531
21253.268954569645,9.42608512269446,9.445909240545289,180.08391358243665,-3.532045579669047
-12261.721226724447,163.7565053051889,23.515747205004896,72.59084993444505,-7.994703774380323
12027.795482035326,-25.26743985566918,25.43472981800318,246.25370203830983,15.875596998345735
20968.227608240915,-1.816411965838526,11.297711191764137,158.29317973263875,-8.694309635475223
-4230.944058773988,130.681756598147,24.9021576410546,121.80505934598231,-9.63892455280236
34299.17196399606,135.00214353408168,16.87292586479135,234.62482232883437,-7.547101811858925
9614.279228544234,125.15813041236447,23.85183705636012,113.07311039663011,-7.689503345994224
48729.49914798988,153.30329564061827,18.61686515096721,240.26996884865056,-8.134105958459882
16096.587692137626,22.982237632798338,9.2368913897382,150.29727677416298,-4.015444184829537
29103.28589495167,-19.79908227226855,25.276024076821283,225.6969191283221,15.74427090175375
37782.597924579575,137.9378312575559,22.171395022840933,305.7790837265552,-10.431729737326041
1827.9117353455367,-30.763407662671952,21.336946012475785,175.85928690870904,14.48863892543471
-3377.7043869772097,-42.67334089456176,27.949924735993118,299.19642832390133,9.634254328484566
4935.872033056439,-15.86327278702781,23.679006314471,232.9210142036321,17.30748553738899
9874.806252280905,-37.81421003464608,26.697032809430613,234.16659010990267,16.541837255139853
24871.050819756405,25.080645038981846,11.38232733868266,168.53223485583786,-4.778220724093027
41659.895832498005,156.38862992961236,22.44116382856091,198.1333126401019,-11.57272950204791
7976.374584896643,145.2393698513393,27.529083067627383,97.22852815009539,-10.310265042236686
10581.406493670896,-22.78470725541895,22.830199211786812,295.2262961036916,15.356680725859626
41833.473274680975,134.7534799201773,21.051722164533132,272.7245010963019,-6.2978078387104475
17348.573018096526,-24.08622805766143,25.50841832660288,222.07288345807038,14.407413687460123
16520.21037665377,-17.501703975836605,9.625873113156436,141.58381152603977,-5.173773428198741
-206.8918165937357,139.0402536371925,25.493317744881757,94.98738514383399,-6.7785334401676405
6331.652108570102,146.91419640569822,23.00117002829895,98.01490595631182,-15.323739567375032
33262.09803019934,145.80103940795104,23.976329760159224,237.49088584662502,-10.424852962382136
6192.281359850895,-33.97990858386066,20.57730041712719,254.4389041702893,13.215978664949366
24993.549308690534,15.15006027764634,10.548641429232722,189.72327821484998,1.556559026329122
17643.369435741468,7.255919761581296,14.340758591879377,178.3704925491677,-5.5457296088039065
7951.969493429402,-38.73655982947368,24.123983057288896,247.20524235851175,12.214322325341742
12695.972160198908,-39.064445835343676,24.723211092624638,182.8558100113538,13.281389873559107
5454.424889793758,-61.21866535962849,27.985110955967183,221.56810288649984,17.924086241591315
40990.024563256215,168.37322872910872,23.316017810921135,287.25899247799657,-10.292901411596095
33328.49574326547,-50.17306805588484,20.50391202153608,249.5605625654298,15.487590627220248
11753.476589167381,12.346752908045737,12.432491004593466,217.67931968022575,-4.8357308331825415
17985.170716260112,-12.884202858284368,8.169060515836454,155.95518024745047,-9.459495900646132
7798.728081421228,-3.926448295347683,11.586297293931736,170.4059872009096,-5.088206720985562
21732.69927762242,-17.53016433110041,26.320476750052993,240.75658329258493,9.38739441479134
50027.29172680087,145.04677188844568,18.622456086029608,264.3455611143193,-15.392660309326196
8844.796523761252,-28.80739868223435,23.661190403750453,258.5416276297538,11.69056110549924
47036.49860314943,131.26929044944575,20.921049815966317,233.39761410579783,-9.4122979919842
19979.456303425475,25.990525420847078,8.455432949509024,127.80752864309426,-3.6263686850831878
24489.89038010764,15.71355174213057,9.392080770638804,197.96792338978196,-7.423387011604127
15144.495930010613,-49.00937907001705,20.105902653158925,186.35181440960517,8.570495282825348
34156.02894767994,161.8475295472892,19.869422001990927,270.4187298628737,-13.215935501413455
10956.445606728623,10.7591279537166,13.342265603221758,167.1301674042571,0.22850444547476112
21986.836922057922,-18.392127737928803,4.839184893436913,194.95342229789333,-1.8297735756722524
29063.53720296268,-34.93221617848906,26.140275098271587,260.42373225891737,14.587662943685185
-5335.079135428452,139.71964396346692,26.881994217647684,111.77505989852662,-11.845579666159168
17364.99878369123,35.88449147930251,8.162583247913886,221.22137117814185,-4.316918855554498
20483.975636303876,-1.8288607844848386,12.650424214512794,171.76025067900903,-8.13510226656832
28280.021663621163,23.255180020394064,11.46418020204387,134.6204374234646,-2.716644689666346
22860.836987616727,-43.35290331410995,22.810335627474156,207.89148890054958,10.846671521904952
-4975.992394442743,147.23134506346815,20.22044758109604,117.96028622398862,-4.542888417096574
-7380.337400484765,140.72671467603328,22.372257266649413,157.73713886167613,-6.4281218356338865
38043.77581210693,110.16985101400161,22.028740696563645,249.85804795575442,-5.765224052723584
38106.86489652254,135.6577510249952,19.55504000206271,179.83632624078786,-9.418270045815076
17966.3498293825,-4.843367684030028,12.410479512426914,181.50642838703087,-0.4773154987535193
18631.662695832998,-19.84654468902778,21.43388479205026,260.852487860797,16.900425649275743
15400.542589252313,-51.61139733477586,24.157844939166115,218.09892535309004,11.297368286918672
10195.041619457734,29.67950273380599,13.827866196341951,145.76029688076446,-6.749189245881558
-8273.681826076536,135.51036036983473,26.361855518305067,147.5889274574082,-12.484951248429851
51600.40614381523,142.7615284744608,20.052408844624495,237.23001620582963,-14.515568028199667
-2477.1355544563557,110.89847957591283,25.98890422267827,123.18189550967213,-5.772435337697459
20360.161629698887,10.175053140069494,11.537760357087155,152.6745514432193,0.16431935207015602
44167.96103494424,149.67043830721275,22.42841581841421,223.4063373319976,-4.807072185399562
22784.42829022659,16.992990372167455,12.061175543090293,175.21636011853226,-3.4645136372288157
2112.2879313898156,112.68480555683259,23.779174503937313,151.31157545322773,-8.807119117986923
13867.954229784496,-16.584367616544583,20.631228431827658,261.23356338823186,11.505320649565139
-4063.1799044844884,145.1541163769436,25.882614005510703,89.107456230913,-12.457990758288965
14333.289109695186,-37.33249511966238,28.13268073882198,212.6254106715663,14.038010060046172
27255.090827386855,151.33666477239154,21.21621021587943,304.36103537797845,-9.682589087161542
2403.4700339798073,130.41275480749238,26.815976167819205,104.89814898206383,-1.9033490023247275
13852.16913098553,-3.650369772872182,10.785886989785656,183.69712638242845,2.9287594045515117
15113.131085683563,-11.41240138195748,10.36485263366829,208.97625210276374,-7.932337961847265
23676.030331334594,57.54210160756516,13.41436583349573,147.33603951593102,-4.622113438146432
17135.717588902175,3.5858393231764936,8.091518306029752,167.5166537798856,-1.8763174503379716
48519.18351185789,153.0077556300135,18.79994208256592,238.89290744173397,-11.766842476215967
37709.63789668045,128.5932628161036,19.981115407828447,192.78652429270582,-7.76661368565917
12785.479181190734,-43.149004017703604,28.491977216008713,257.17673651903726,9.988529241030722
39120.01517198909,132.96163195703105,23.047026049176765,212.62517461222953,-9.319869314786617
34008.80513818442,127.39519574001135,21.77076512208894,213.78087890154862,-8.544555670644362
4919.773390244176,-42.38306250487632,23.359312570101423,258.1026027904051,8.528530056190576
9467.52959983547,7.0569997654647665,14.078496568155494,196.67906526896857,-3.305285564457023
34503.97079228105,140.57403362600547,23.1151132602781,245.19636571941174,-8.619944737834095
-865.978369615601,146.35277278120083,23.0078346219722,72.45663643288971,-10.564239493806319
19772.32491642121,10.303489471272421,11.431063160449577,157.1140603562465,5.879746718463188
35429.94987003596,125.46140554524861,17.946877892227867,250.7824084701602,-6.488288532366484
20643.754792640753,-9.88504854293187,24.249144591849685,211.21012555716428,16.644145119702735
26397.94852112021,18.294450357916663,17.21545238333514,208.18185266909214,0.0820448136014944
38854.76261831434,128.81211729668337,17.445204263480356,197.26356077336797,-11.528954120635252
31233.25558165704,-2.596541286973384,11.648164276890823,196.5337867684883,-5.062755682678661
6048.495920744819,149.4068863511041,28.581270006618993,84.92623409295723,-11.272623687978378
15890.229386445651,-4.790216828151095,7.473556004979594,186.7091033632435,-5.002490187203787
10426.493728138965,-45.780119902356674,28.977941841403847,202.75079786890583,15.76251867208575
44319.52776750181,145.07412792687848,17.690477061155086,254.8614166722153,-8.46802173425842
41188.99906907712,161.91001539890885,22.157570150711823,304.05886740416133,-11.061297070966688
20043.209576830046,5.987425963772992,12.76458372054508,193.18461827114703,-2.428623682919257
21165.408216659456,-37.2517729828362,19.8411483953059,233.06413005338504,10.793163325893243
2607.4268620929506,141.72832560042497,26.872828123338067,82.42410547583411,-11.085639696865481
11383.191834283003,-41.52160567252801,19.596731254334557,216.26990270239784,16.21745801113419
31335.434747495463,138.98633564077164,20.303213596906133,247.7641176587152,-6.277704635194468
-964.6204884074905,173.85526996546986,20.801521717467303,68.4321857832143,-8.168077582008525
17448.237871860303,-30.909951338908314,28.067492946561206,287.86222529433473,10.277620536358212
22289.476112885684,3.6872879990155383,9.040776608797206,175.30305436241719,-3.312348461447268
19624.347677574915,-20.59771524641515,26.803905762992606,270.327435271458,11.052517846133435
32958.56704390608,108.28442541733611,17.70249260741392,216.6894138322037,-8.308073022873916
-7222.250357089048,145.6230975098934,27.283628116761566,94.33117848725986,-9.546511476363195
24447.89194910582,149.49419541451343,22.357116573499678,112.58968933062803,-6.278937650088338
12499.17316419012,31.114541978104633,13.648830831043902,170.89882013702925,-2.621464016539643
10998.932057063219,-42.92032286368203,23.48251537537372,245.55849136854815,13.804625054991412
9195.817486426924,2.306701974525893,10.618193103119523,140.85140725232583,-3.3803688180294724
16110.130391020088,7.1526975541893165,13.949386783007325,151.41881063907863,-7.979244046807022
20149.874977141637,-41.13122684716592,26.250562776439057,267.0756674734986,12.360900235170242
15608.493098836945,-50.639607032382955,26.62478283629462,268.5731088260803,8.500223518734895
1869.4923270937797,8.416588959709664,11.419403574926372,198.2663671123327,-1.2722616393660129
3488.216364067928,158.1016291439111,20.20013392143425,96.87345576971474,-2.299082262516645
-4528.9736492677985,138.3118519471256,23.99204339959359,104.33033040308358,-8.374004224358872
43357.146412804635,157.52179496709428,16.81771071740107,268.36467755614433,-7.5209116014930455
5496.349706216373,112.67656515336782,21.54385244004527,84.0038762851834,-10.456051562661475
50936.660836107665,149.75550420098836,17.566220703107813,256.6408771194994,-4.5611880725445335
24084.538081447994,-13.389853219249552,11.889200328801559,200.75105358548632,-4.596135258968431
28260.769412218688,118.17723807883591,19.953113128136117,270.87634275717926,-3.707471307928934
7403.7896460402335,115.7347173115201,22.180748473203103,98.05503988247928,-7.1714747012262325
27716.323210232003,-56.89851064455894,22.869653053538723,239.6538319885157,14.163386588300638
49087.65170115517,141.8779807963761,22.81764922464768,241.48894812111791,-2.577010607656579
14515.562003253886,-50.26957638135953,23.723161242080288,183.63756468866995,13.962784233960633
14378.505238078062,-37.769489935424275,21.640483463652988,262.6707350598873,11.783262412427062
30031.97573279689,138.2560574804885,19.446932409322287,272.2891392329431,-13.836648271446997
28494.786330174993,-8.495547268838322,22.347076067647365,223.9592906200261,15.901666772781223
12408.837547634139,11.358570035329748,6.895191879009609,193.82285091458772,-1.7942208507579567
11465.55916115627,-50.656260817694715,24.636922458764552,235.34046602153566,11.963218963859992
14616.46296922861,-6.453937797864214,11.793788178888514,148.07195833807083,-4.90559230866193
19656.972707182864,-16.808455160303637,8.319303721229899,170.8556745323848,-1.7419616635267525
17586.883081055592,9.987588046884412,12.221907521272364,165.8459231331159,0.8287093817263953
41782.0528385903,137.09718049133832,20.393195292570127,221.34383807734002,-8.49948501988384
7501.411502251685,20.84249367256039,12.724192836208186,190.09891321004613,-3.7368127311344903
15220.447466934558,144.25799489415044,23.973497983759522,105.71732692481625,-11.534992801356072
12552.161304896821,34.99125857854714,11.672744892485676,191.85703997819843,-5.817062427562105
7889.00457531408,150.98203516189008,27.860724313495012,56.46814864656534,-2.4849117179693003
32402.832202907233,144.32777371534024,16.77371651267693,303.8178675120163,-12.322049639391079
25092.260840105522,-51.375900289577615,27.555417432577617,253.26183555343405,11.384221182310409
10707.218667266236,-4.562604680982616,9.870452527465572,192.11356220620505,-0.5660973180453492
1453.951309854543,131.4861295773875,26.043876458697355,68.44943603344441,-8.077299059101716
29857.778482228074,144.8565712709123,16.55568544589257,197.09428263875589,-4.362308075537879
-2547.4698079821246,146.09671092657976,28.063586416147658,105.79771850781941,-11.150026840974192
28914.283728191607,-56.2878300427073,27.40450835182741,270.46347423857287,11.311042484611884
-3334.8714562886526,174.72915186918777,23.29975408888932,108.39954431725424,-10.099699456718636
23842.059586637373,10.980203415379762,10.277207314406562,175.07627957039608,-4.886125065905233
15622.297184770876,-31.829205020164864,28.21898465535643,268.93262876052324,8.868209206492107
7021.505478715306,-36.75488197971225,24.547355859064023,234.2024989791073,12.937290577525026
25371.532179145317,35.374444509820336,14.925337613107498,140.01375965398432,-4.111862624705466
28678.973191304667,12.58581740031174,12.159070837565478,106.16537718879252,-6.944733679730106
18793.60608006803,-38.09606090512382,22.72258510386448,255.08217324341572,18.735947441202047
19779.684004391154,40.07358826375474,14.065584723034835,153.16105580707898,-3.2688942525240066
21939.153750594633,6.818762292261411,5.481177913978323,159.79479094919463,-0.9693789906468755
24870.432447166902,-37.05341370193855,25.238992953214193,221.916447834253,12.374684543760669
11579.726195264906,-26.262410592142928,25.74890777120143,295.59151500113717,12.65250516472626
5532.335394087131,146.94135441686694,24.231631652345527,135.9343655086019,-4.5123718550113185
20243.10899115925,-7.520845520684617,24.70942695402363,218.60591646040947,12.774213788527298
1776.6695922341387,118.01395088072498,27.78252031437658,86.17541323942902,-6.397994920373851
15746.576966325192,-28.2903590268578,26.42248823222154,229.8247833690528,11.602097793151115
6356.908028889244,117.1939730533872,22.218816614659485,93.96886444706271,-7.175497762748462
5496.0048621475435,-52.95748814401988,28.248287554830682,220.73917632814164,10.182170163795998
24635.5693420804,23.94081385699206,8.091787095178264,170.3963547246752,-4.252232238240433
22492.525656028534,-42.73739572918987,25.449222773213116,250.09693888316392,11.318631750912672
24371.376976828567,-41.82413872738053,24.51661498155582,194.51277962061184,14.865667379895322
13039.778720223527,158.93485203438598,24.13961484548728,137.69425879716448,-6.610684893895387
24676.25880370613,10.765044187186483,14.525795334684783,131.57592078775383,-1.791127973492065
19268.355509727742,-28.862455537933556,27.976145356866077,252.74056440513888,12.599130147986191
13534.913421055375,153.95587786692496,20.52401328888257,37.00766918344749,-8.708053264545288
689.1821217336837,129.13260354411864,23.192682801998163,60.605618362445114,-11.069140662201956
41210.890791919104,125.47953261000495,19.57775458874388,262.00500737996833,-13.767470225666656
-1888.4094943004093,164.80703710552558,22.142640196878283,96.42531381353832,-7.3032298914535865
35958.519385599066,0.10779704776993526,9.740381348443126,170.88431706350886,-2.1634378459490815
10742.888491356578,-27.220397993861056,24.1033733113431,220.96481354764074,17.286815208660855
7111.018646503544,30.062542241908456,8.993990370901134,194.43511201999053,-7.16083018425995
27622.854166683366,16.544963132520984,8.086119989758778,163.4687762952992,-5.1938038243672064
3998.408038495654,147.17306707026376,25.64632683686259,72.00187718405749,-6.502842771205708
12481.778149360027,6.951446480394864,15.785871601578538,196.84186121538988,-0.7641638564173912
16798.242083019024,12.090937149679043,8.805741562380067,225.22211953047136,-0.23064893237059447
16925.608574665755,-46.58347883516909,23.832080500019245,290.6495674062396,17.344286267212862
43877.00284216229,143.3542674439363,15.54254133632024,244.65882145435012,-7.60330224311603
27438.929194410488,145.84582904707267,21.111514908307672,256.25710711674583,-5.5169122056386755
34565.894781613875,129.98903127739385,21.114786538978805,270.39337935369315,-5.965414024953944
12114.82230388232,-35.36588272826751,25.496909445635833,232.67885548616118,15.082984516267642
50036.767990309556,131.8390376563633,20.98670691001203,288.3152923726708,-9.896637605265001
30564.12228610476,125.08074978070219,16.976364977143817,238.42284705721121,-8.056610184692978
40132.356171074345,162.31127195310594,17.72494701763526,215.208585592019,-10.26452551305615
14568.588173912576,-24.09015935831603,29.483880604963343,279.89343830480493,18.242796699955996
9519.150961182524,18.161853048208325,14.5359305441694,187.20525023931316,-3.958407073272813
31211.345086454534,147.21409462777928,17.62308853961329,258.45134821147997,-8.150485319748642
-1123.3230709050767,135.43447650881745,24.2862318387359,39.42043337116007,-5.475263809150679
26521.913514871118,3.9043559115286683,10.540435108052186,129.78345302110495,-4.924821613278731
48949.55373225558,138.51145905513036,20.484892838753026,260.167713430148,-9.962915797960049
2283.6855233108654,111.69621726326115,25.927072568525677,38.090847598054694,-3.2167418264289793
8111.561239708084,-33.85639906906812,26.94528666615148,277.2540014138127,13.022440882401959
5882.325368589591,18.397229563150116,4.800047807851151,163.25749268957026,-0.527288792818414
19451.452832893137,-46.37379016128877,21.137295323866542,154.27813829883405,13.240358396689908
8113.997328762176,-44.14284664564536,25.39764644975249,300.31602939080244,22.6526587798579
45694.83827464018,152.52410651680367,21.72028658045812,278.6277578934445,-8.696242857404263
31159.88046056646,135.50467564421498,20.273547966666897,268.72974749248544,-10.19677709583841
32381.069619291728,167.15696777564546,19.15928382052317,196.5401406152732,-8.374941137570172
26570.202391921197,-12.636271882176402,1.9673602462082425,189.91338964342256,-2.619862720970179
10616.86212127954,8.998287631215888,11.917399594387476,153.10737587300298,-4.057968126648328
22166.632002207258,29.93700103583609,11.369199863739116,158.70408183053402,-6.329432395334958
4680.824784327946,120.50992886196804,23.583738230340796,77.03219778884298,-5.689572985401389
16027.050470348404,-34.35439338341125,29.232451110235,255.68107738597223,14.937791348990716
22264.62487837113,-7.456361757252097,4.9382408709222805,87.80822970732206,-0.9088918114850992
15751.715694469909,18.187266618052462,13.049317930333114,147.6112272360742,-3.14731885032751
-7835.904529910513,140.937260871464,20.897589938823934,83.02990703284982,-4.014686907663558
20527.17856045818,-14.511625822189245,8.054758627689695,255.43453976844336,-4.267666234539732
45181.137789975066,143.72469866738092,18.50263123499409,233.57289820626528,-8.974058160544732
31657.82277570446,136.59058218088308,17.82366702896889,241.91961786040432,-1.8152786822820142
29800.686180752124,24.161008103118434,13.272797228223947,174.5805872953012,-2.185898375807974
12529.833747771983,-46.244603535378985,25.10411044709857,215.7734067258175,16.68599511381523
9360.785471891926,-39.39095191710044,22.49976586366515,260.9075666686621,17.784641577849598
8436.032688500127,-32.0292915824582,30.834620588726843,208.42001726965532,13.395561481860092
26204.070868222825,18.165070908172616,8.7875572993764,168.53211833671088,1.4441310308447761
22168.077870902343,125.02156661822215,13.667381909378635,228.9179891575754,-8.703999244733884
21169.570171318184,-31.14954327615024,20.934058564015512,266.5206866289617,15.984775623642044
18270.78677358476,15.453164682201113,16.430480360835784,162.49164161011936,-2.515788488144314
12797.736050169136,20.633403664557743,15.272173358157165,160.19496487708977,-1.0813693291300268
7543.801323892687,152.83830135117083,22.871266021195233,95.09626380896115,-4.638628866920904
6423.648682715699,147.8886043824022,21.681180063438656,54.67900374902422,-13.614878386733714
21495.69821798197,2.1796369394168806,13.633697427729622,172.81777811887852,-2.1645714359142083
28791.359941776616,21.506685126374325,12.278279733694717,184.16719690842527,-5.019190632360665
26935.657797943994,-31.71414802905315,10.940426238311787,169.60344473191537,-4.711743554853371
40052.37345596356,129.94249045830585,19.97651876393921,248.2555678777751,-10.902308636381644
9662.076344993853,-9.148476729759558,6.335720518112727,192.6395624996005,0.21495607718270193
33252.65408325898,151.35226535883214,21.1108684687566,238.8363458598902,-8.407272232376194
37551.526073820554,161.94587243934296,18.485787172742334,321.0684686765032,-6.882252339007522
23571.47234708101,118.95298154922594,26.47389122166851,79.75159214941654,-5.411240847205949
40644.943598123486,125.63821913504502,19.136623604030262,239.3553175060976,-12.23434844988017
5968.048717183854,148.80714855304635,23.80188504991733,55.08118981570908,-8.271510798122977
16339.473851377792,168.37135416282982,29.954046332361273,80.16428795930892,-6.84012784547469
1611.9408419099345,14.2487123193265,9.305584026297637,156.18531294942233,-1.2632428747969664
36651.284185077064,124.61422644569261,17.618809756414656,203.5270569011492,-2.8650789835533725
6589.35610149413,178.53655171397068,18.8593729625977,122.71264146491444,-4.287678700513792
11025.205780756507,30.40106757092893,12.984365501288844,156.19038233582722,-0.34535983103251056
12829.873489273741,-36.23245055622634,19.318340132302446,252.70558904170363,10.234788587295604
21903.58514167513,135.00254737077796,18.165435074468828,197.23804283728,-11.092704445075167
9095.975415788518,-48.255024902488955,23.735867744667413,200.06987699308706,10.865129532677324
8475.116872235587,168.72418384725768,26.509537311954432,63.047570177088176,-6.642749359896666
7756.291645711506,142.5650897157688,24.556535548089226,59.019155453617486,-3.8886065167427226
28541.32023669573,-7.8196889093633,11.688861527570209,154.5378231687266,-6.394273572200564
40094.42735859347,121.36976991912655,23.611051484675983,236.99885832703757,-5.407366887538156
10798.440667672388,16.250911351094047,9.377319991950065,192.4401223523534,-6.561409080761319
8628.120582177195,-60.83121639271128,22.69697402777671,237.94286560357267,8.973967452746226
14696.056519894068,152.4251833350142,20.658262571510708,144.54747762229368,-9.319914005151869
4294.637924509181,153.5618729620454,26.472060607278323,95.9642394776018,-7.282733052321147
12792.167255546126,-9.170710511745945,9.833239372355969,185.81308683958548,-2.6302168602396536
19812.258040343786,19.03524929489288,4.475543051008172,172.5346114084938,-2.876566716108769
15706.50004239352,-52.69236885730977,23.425936892217067,261.03555840598455,13.64058647118752
18042.924407986517,-35.46751304270006,23.58754695256534,250.60052000113424,12.436698881424729
28892.46157953151,3.5866711731352865,13.856064976911131,171.61572060716,-5.1758866861163355
34834.579102348034,135.31833551372247,25.510001623138727,250.92145724576125,-7.469129440729331
15732.096548283582,171.46848185369413,18.86098878799068,272.70887818094013,-11.878972163679133
25030.957983331286,2.00006382557342,13.086323705840645,173.53433348304875,-7.980189075906933
-5410.166031346467,153.74901405975373,25.873058981986865,77.89702717258805,-7.61228732683589
31287.150077610626,-2.4614932909290204,13.305645796996497,183.4655911180288,0.4337233655282251
-6131.054823384598,157.33568294494648,23.813223651397465,101.53318087085397,-11.253785128590529
5852.592756663289,-25.937291298172482,27.081235494472182,205.99810603470496,15.7792360431064
30825.081113227752,142.44873787116614,19.454383827794203,205.17428474389595,-7.68589230125769
-2491.80278115948,147.15122581659097,26.897942501297454,70.1785708461243,-13.3566594298416
-1371.3129835706786,143.33961971272524,23.471773836442058,110.388570737469,-14.467669313669791
28437.265634687843,-58.96179471033044,19.806361637367182,284.58111452209175,12.69493208038622
13551.207364666116,151.47993228850441,19.099787107611046,95.9651230610531,-14.027080834670848
15062.457644684764,-61.15138376657225,23.575958228577576,267.1574996028771,15.048518160161517
33999.22110253784,155.99969467526694,20.31061254116159,186.57218901793263,-7.787002474118156
32189.074226185585,130.19934751871898,15.071941857057123,291.95069597442284,-12.490844088476393
49971.67332440669,136.24899101152914,14.770328813101884,232.0911017562363,-9.577425091545551
44337.97648764707,171.9752042371727,22.377153454109642,193.88229470019422,-10.211956600901294
27743.900816829457,157.555263092661,17.87665406852053,249.85851013073614,-8.900016118940092
10751.50491674948,138.9381493521828,24.57417543173756,120.8530519806673,-11.842022403407373
32568.37685762789,132.8845737711684,18.31871574787324,252.18837207087213,-7.190747918196042
39622.776714044885,176.97236338064664,17.366537719702254,223.5334850287601,-10.628675961576834
16418.344803456588,7.309700652225686,9.76960153177639,156.7353073315166,-2.465920024951858
16258.869062976744,30.217556177145728,12.255597488042127,212.08376469927322,-3.99871595312902
10073.427931924467,16.061872798960827,11.250350363532704,183.44807591374317,-2.7761022034960536
-3617.2803980392055,111.13314485772057,26.881482293558065,113.68721886657173,-7.572018381162735
38369.08549457646,178.54412935601513,18.991577973282254,273.9415934673849,-10.868783657680202
31000.911645106607,134.37452811853584,22.298636100099525,222.1566375931202,-6.252178046107115
7931.436856924862,22.306353866408884,10.830936860198783,156.2485533506988,-2.846788370480737
1975.2593999657256,131.7867548484969,25.767545379049988,91.7084899646631,-7.674161555915003
7894.934944090906,10.330189232598094,6.140117140445472,165.89653750118228,-4.096681953378354
33287.93349103434,130.58205437238544,22.846807265778857,282.07852111851025,-10.471493263550968
32334.20313006501,-28.812511044748746,26.149579255830776,186.41427267270134,11.694881712639752
-5241.891855622518,159.08897047949625,24.306140521095557,78.11135647270824,-10.198807772631973
-2814.789771781754,125.93395760156169,20.171572395287562,70.31955663546265,-8.782765265165503
38946.95960153727,131.1396081246013,19.48916392742626,227.90398577296185,-8.418702346548796
12155.859107082673,14.997460074575251,14.576699217765952,154.8791356984944,2.9429836253189716
43996.41666014134,142.89299136805852,25.849166472109218,215.21444511816009,-11.278419908844867
12420.412192445823,10.742773809699223,10.343428529585447,161.62227098848632,-5.536219257119351
7872.031968899741,19.71868721828355,8.818286270061687,166.91629692153558,-4.706682507813955
53019.51787457704,153.2097318334586,18.301687075952678,275.499811343733,-9.983480501367195
-2122.2234687321616,137.78700310024735,20.51761070547494,83.99246916006717,-10.272287214288419
16216.315693254139,2.364803073797688,9.57631010183616,194.33053016099552,-3.8240753417727777
24030.297433515367,-24.170380634517244,22.328412827526577,252.65757331101958,10.40793290821796
-10366.22462800306,136.11524838845907,21.091795249971014,106.58002398403076,-10.877423530522412
14071.89890729302,-51.55301636770852,22.166404768877825,233.65163794023772,14.424999632290351
2697.5203018344982,99.11493086888801,22.737017157530914,36.02144695985626,-4.109017762075528
47836.058023565136,148.60149808276861,21.06402069745206,265.0658604422239,-6.482468612942245
12301.662847271808,27.001170761772748,4.481225012112408,136.95232542407763,-6.227169760638647
13103.953425760512,36.02856869249604,5.2553356133342435,212.11303239092504,-4.023791304712637
23040.053264816415,11.531906809036016,12.860478680129262,193.88121145101312,3.113951640071104
1906.04710160377,33.86568011882527,14.357379921398994,158.98506898193202,-1.720661908462894
22137.25840513783,32.558034082784644,12.694566880675453,141.28834248954806,0.7368541660590333
-13572.397616659167,169.85242017881546,22.435363073815804,93.55551140340074,-7.863538047619702
5687.5243134905395,127.4475881848525,25.341784163345714,97.19386350236348,-8.650426725132627
17502.499494829568,-31.367879989878617,27.904404805815446,243.3854993014104,14.247054730354124
22058.988643050165,10.872734062261664,12.234575937655887,220.9081807061042,-4.206117163204365
47257.582541854455,116.0306127635648,19.833659248053117,247.25987750626734,-6.413785766970609
-3447.8540612584766,145.21190377860228,24.669546845862595,128.61031393571346,-5.613481692241805
15981.109797540405,-35.78315260080399,25.37890542472291,233.74993705823937,17.792493427648065
17853.00973070148,-29.050170405709082,21.2305464776551,271.6193583198916,13.095610252235439
9518.020699542736,-57.24694545007935,23.94498625367646,254.43675593067354,16.284906661609124
26012.57310280071,129.76424023376455,19.14299962338971,246.7635771584954,-9.48296255587153
8308.453767932544,127.40902853646107,23.959329913058472,121.47441884047721,-9.266590405256164
-4488.758748822511,157.20308336625243,25.461111719653616,57.447421254398705,-3.660672908399487
13734.268587243663,-14.273093926060213,26.11997068591216,262.49233827877805,15.311546917844055
23449.52294029814,150.43676413760093,14.441610058887248,225.30543770513162,-5.492402591400442
22709.735876409417,-1.1506590086214743,5.266250853919592,160.98642474500429,-0.3459389164526421
-4517.353929508587,169.66257469266725,18.054796102532087,97.9787462080172,-6.300709264136104
11585.415616499784,-3.61455247944113,14.230425442707446,201.06166288104856,-1.8889186809433376
13507.230056131702,-42.579680093797634,27.01816151915254,250.64754353435023,15.03474210350041
5477.730893360516,137.09561577911398,21.213904524527436,50.304764224320934,-12.982487731971133
-2358.0517709599735,131.42303396665335,21.474079849989415,68.7619631768411,-9.371807696491206
12037.674608951333,-25.313818104501436,20.60910679025716,244.23739208367587,19.139690109016673
12069.9848445932,32.21588591061176,10.715139192854137,146.14492211069006,-0.3579381613175894
32929.41404242038,-16.467842447509895,9.197254215524943,183.88436415509852,-1.5978918927723935
21891.50578714236,-47.64207536456395,22.972140569159315,207.44137770813268,14.641406803702496
14378.223135371038,26.38976335760138,6.721332489504496,143.67427964545698,-4.543507688553486
37968.23419578145,124.20830557609165,20.700534964361747,211.88066665180054,-4.109451167249922
20694.75165579404,-55.615188093739945,26.64598333372504,254.32374348290205,8.145482925470027
-1440.2659146312435,153.58916736041124,22.726196314023436,94.65735511795728,-11.170075481162979
2040.4206226888346,135.14289565555927,20.021214733862603,109.97818406105694,-4.9856864475592175
5676.662074829634,-5.952262745140544,13.002991010120141,190.89172306518313,-4.526464688238921
24400.505964760203,-35.66795418580449,20.756549987129866,252.43664324986275,11.36883243046633
50619.068203060284,136.4083990547971,22.194470525319268,258.82467216636906,-4.653359709705494
8297.855535836752,-31.237911026016803,26.163456308497288,272.2523019222499,21.60188322857505
-1875.8031736726334,164.26501061540603,24.569906216572225,86.11905571853265,-12.034729883321557
15991.217006113242,142.4305020680446,19.580547524436945,147.81094932558523,-2.9436741364683847
44617.57928849554,125.35697058695006,20.791897219009734,223.55566512764142,-11.13787287908957
5429.503775822544,175.27267617545556,20.253427152459317,74.0917612704909,-6.4776631974116174
11580.94106072803,-63.9936469302543,21.29747251115143,277.5203532974917,12.855208578031815
27316.377342613745,125.50476248732322,22.44068306227972,210.98142701385635,-0.8621081877903674
7001.325338619281,28.239164241415374,13.90956194833473,149.40522527554526,-2.7411265283202297
12008.171113557233,-51.32491402700691,26.727482566739386,228.68562549970963,16.502712263981685
25429.53749492951,18.36092245697072,8.354835861263334,195.05177486462492,-5.263597018306214
12953.075020726596,130.23715664629756,20.786943520628032,80.72439250415037,-6.804163307148386
31262.78290879241,135.3220736571883,20.518552035283076,222.5516570946954,-11.225915569001835
21037.670434980246,-30.640603259635725,22.72260104532855,253.4036810375017,15.724131687524864
14908.201615311264,13.633777298188633,15.517650305503167,190.94619443578569,-1.8250092723779971
37936.11202795222,123.97668961304362,17.1338465446763,259.85132614685494,-10.95035427745395
22159.770551535494,136.10175876531486,21.43238443984409,284.5341052416955,-8.536970041043215
10987.563887157216,147.17058089188208,26.37866442197607,118.11265700202974,-9.418843775890705
13987.54430645475,-43.00379182914622,26.986027427805425,279.75526708087176,17.509954544211688
39134.705498314375,140.33174729371012,19.5727859681027,216.27310016315064,-8.685723859525712
8397.134213462661,143.24851268028726,19.082136091606145,83.36351075398638,-2.6146847629495014
17909.985747288112,-10.083278979418537,8.866524443267288,164.8956050262512,-8.138516297800663
22225.41180827927,11.24151988351808,10.079564289491769,170.35048732696566,-12.862111599712492
20736.886016215547,35.65270761929182,11.409918963806897,202.66155390418015,-7.521500167538711
-7640.112148609609,152.56782510003399,24.64951587060449,28.84115408534555,-11.212352843453068
-4722.062743439761,120.74756255659673,24.071633575680416,118.05196457079819,-6.30149807222983
32356.58478942228,17.144032717266533,11.820001782062661,173.03468988157678,-8.06347876345606
44388.76450658201,141.0373168307858,17.33894733933948,260.4100930872223,-7.578798226037291
13873.938971464435,24.35644475188142,16.088565214315643,160.72415664859727,-1.306747412352406
15394.667987295776,-52.38229695245805,23.317199077422877,213.90192327647648,12.80406493207155
13193.357467180249,-10.641620754187251,11.427766675935667,190.33699055233643,-1.806183603849206
12662.087777956833,-34.34637344768349,23.617469004505175,259.09316139296504,12.214072103710915
3991.5934806508667,125.3555618001745,24.300234883751564,80.27787280656798,-13.450423985348149
11634.826920497093,-29.587817285033708,28.36189504529831,241.08415199936536,14.249402149638708
20697.373804671934,147.95360009706854,27.123877846013915,80.38421126399358,-6.1269235775996265
51562.689905540676,118.42265277573956,12.683339802595956,252.66382718041461,-10.265417055360373
14412.466214557717,-9.530161636954574,7.751048301461969,112.12404825798787,-3.6546765481829215
16363.374248085165,-15.14797529393229,20.929724604035705,196.4202467247103,13.817185635551368
27857.184634218487,130.77058261654804,19.358030823088704,254.99316429288834,-10.936485821762936
-6776.857075742606,168.9903321056659,27.867421497153646,107.00430418868287,-2.381604585402796
-4875.045481391418,167.4253019600218,22.475726386528958,77.63412489005992,-8.626515900540618
16872.712001741624,26.749794690537527,10.835688479715577,187.8707185155587,-4.307079337816722
8174.7070979122145,143.26064282243726,22.748254218856985,74.23545024591432,-4.18507857435954
1806.3551943023995,150.80308411451588,21.748416700354156,79.04164676846754,-8.344579604356996
26085.931022257006,163.35543930193413,24.667390691742767,221.07973296428304,-9.922359062110493
2084.5987517701215,-30.261336643288274,26.92451131190535,223.15069267548193,5.549776235407088
13856.09736869167,136.99488689562642,22.845192497316788,82.71721730305869,-9.081979740194843
19965.184809634888,-41.780539049107574,21.768728120826967,229.27980141515192,16.589148970954376
-6310.6765925892905,-31.834880503995095,27.358850354255992,169.55803163102837,10.293710997712004
-17465.078729124492,138.5623120028895,23.105153148150414,54.61769767344305,-9.272656493140703
28981.210474804113,148.08992395071243,23.604463534429904,165.31405867499598,-11.14994014871397
35927.159183968535,131.41764757275354,16.2354874803776,219.98506732683444,-12.43107518258931
32994.423583482974,-32.48350997544452,25.2231931804675,231.17251077120847,13.723525826188665
41258.567118040984,156.14298162582054,22.78764444379322,280.92816340994045,-6.8131247195336115
49697.096664223514,118.69074061257372,17.959624212365252,243.38561099739738,-4.435434515104195
11734.795313322902,37.82932386717722,8.784654160999775,222.46425501856515,-4.080017988720922
43627.79126445061,141.24263078980928,15.409874973233041,200.61103051690617,-9.766608480172925
12001.92428614667,124.67451690363511,19.106351076677896,67.42766448093033,-4.611864758658026
30633.60597377571,161.1847759460247,15.07420448407936,257.06910649282275,-2.187887504872604
12918.611362542062,-41.08915279279621,28.765591255026997,174.0901473573983,17.923204215730795
17741.10759505269,-30.566441140670037,26.58269258884758,257.11413867738696,13.591645155607564
17840.098846362915,-49.66014331778787,23.367973042380775,274.8993759731861,13.66271434345511
28986.12360060703,132.2750572877866,20.747881356139956,202.79955941205628,-6.6202590917853765
553.0057789016864,41.47949338582575,11.87609708715212,149.48303324205628,-2.8794506351055
43997.44184683733,149.89587895136313,18.982230081118054,294.8625035602446,-11.969508681280999
43708.428043853026,147.03056247040976,19.06926053808026,189.6345656733349,-7.470399724904782
30628.148977375437,16.568092775879315,11.925215833303849,127.21068270414426,-11.243024802565515
-3716.5210669006847,124.54022046865045,21.929343149594306,90.37844287472961,-5.941912914209281
37174.845110912436,151.0573044365379,19.4355953298781,261.44259599528203,-9.001404122628287
16462.147627225895,-40.78526949985971,26.6610660603488,246.84190354441418,11.06699511662536
10517.717141102854,-20.47163652064951,21.70354923757836,226.51387682800188,14.709085791597508
7211.442898522117,165.9800833215779,19.962964883476218,83.86087691011656,-9.32136496579362
14713.938081187174,-70.21110105148904,22.82357986971411,279.3558410941168,13.254298924945171
-13135.10961875508,127.91918415213229,29.03196289343604,46.52197714123645,-7.158561848052733
37739.03797099775,141.94333118275713,21.120311590647454,208.77961672286247,-9.531383994572575
26933.114010475376,-60.15091291713348,24.61077898745924,202.87420136488996,14.413798759716721
44201.01095048563,144.75235409513235,21.718344028973085,258.352258936523,-11.246239415068757
18089.304512887877,-35.52578236967412,26.775401282414524,227.38141358018822,14.862220506370067
22217.549853456163,7.5257496476256875,10.923356414135355,152.11144117958412,-2.73655774487297
8363.958045551866,147.09900804269856,19.419829590560084,68.97058737749478,-9.549064611352609
24733.96581109051,-7.5893053750986965,15.346610362837197,173.20248540581903,-5.140068615984962
39011.66953845958,144.2165438399138,15.449511944995274,207.03169746656675,-5.599795822303829
4606.864397805752,-7.5782088770789,4.763493238053915,170.1959166731195,-3.8017957728939393
21441.475809961124,-31.516684574081808,29.670523131040017,240.27812413241213,15.329128078619355
-2708.234380952781,170.06474071019883,22.333977333663135,139.91235557568652,-5.284546025361175
3235.746636843498,135.1840013889398,23.97035484488925,106.373937990409,-13.876825147448407
26042.941784102735,-42.133975285344405,25.51312671883698,248.25565986042014,12.919976887430174
16519.47940358123,-14.013100689316701,25.616283650345494,232.87539963349488,12.447469305095186
9392.06605222675,112.39726630479399,26.75847666196765,126.52612618919576,-8.633543072663839
33235.51106552924,149.62897736781602,22.197421021336392,258.11769254533056,-13.46992854197391
19324.69620789418,-45.36293441806092,24.329200768085,319.77630510779454,8.813992126656359
13658.481563616995,-14.403570008789345,26.329804174821124,231.5815951564087,15.413766325374024
-2691.676653452945,-40.397464999154664,28.915290239297228,268.2324667645313,16.21909556561533
4694.548682221757,114.30859169177671,23.43851033819798,141.86865477368977,-10.570679463522934
15975.726070697448,-3.2668919180881417,11.72850811123874,148.70960664266,1.0950479132312854
14976.37971138442,14.426772898513633,7.118572999450858,168.48023999592053,-0.06119303738756088
42060.26213506194,151.5054769326928,17.68825422962462,222.18884645947423,-9.584409473757471
22806.63271763781,2.00002724496418,10.593749198356399,174.94637641837497,-7.851499976419131
17921.047621426784,15.917811515389317,13.664168325898782,172.90490322667085,-1.494175498008861
33151.261855196906,139.77754239806848,25.706568748291794,291.289688781836,-7.450283373280444
-3790.4476670820513,160.211742571148,19.248976997362277,72.47923123415232,-7.624919078499278
5850.368743349303,166.3186670573232,30.11205486828526,72.80372157579163,-6.252712953555376
24716.04597847503,17.113659875498556,11.312590388312191,184.399151875836,-2.3812779447037045
39281.66597092559,143.81735984861405,17.758928146342814,225.33224451026496,-8.063104570229632
19523.661780046652,-5.612076192658449,6.55948248269381,150.59686523307522,0.22486361116239628
25362.511704111253,-14.960609615457315,24.743058278194706,217.843468586898,14.702819540659167
12901.187190202123,-58.273992857590684,23.40665034762758,248.2544198947701,10.431626333209985
18427.704987886667,-38.82221977163479,28.02519658331391,238.90419298962894,8.003805707221174
14832.244003965527,119.4115345708586,17.938579235952812,66.27460010467902,-5.9787885621943815
29103.60647951015,5.638914257539902,15.350083693417147,170.43108768509074,-8.876527710951894
20217.73565690383,-20.325011008827857,24.22870700395441,226.94032675174117,13.324486988411609
6361.532587113346,124.83740418432382,19.432782779626258,93.71710873556607,-7.290437718411253
6620.295867217508,124.22499163320009,25.6257893735473,54.86913370350874,-9.98430702377508
30116.21605262351,146.2666526177003,14.172006859742682,270.33806279858396,-7.3414619350634105
19920.464474366716,13.99146204584946,7.715381748812207,179.79344823053424,-0.24450414282748767
41153.89614134292,142.91540313740632,16.70468433191256,260.4726900610844,-10.486167861015861
7718.748066898537,-6.418857456385496,2.4730212868332337,148.49658282436366,-0.4807248329213474
33756.504874795006,131.30238992782006,21.828563963519276,250.17385825776606,-10.837983168084502
18974.239578039855,22.81836683609109,13.760783113431621,141.25930780201227,-0.7445168903060093
14521.350765849871,-1.8469472063970471,9.235534305036206,158.41525031119565,-2.272406999436946
20226.9966554455,-28.129737718352942,20.549178697395803,276.8043242588755,14.106654705543386
238.33985348999704,128.58643231741047,26.987707350174322,55.994481498789014,-2.8415956473990107
-9336.646136496078,101.49963646074033,21.944229056789876,101.48786826863807,-4.126216062499488
14613.407566082758,-25.992569994737508,23.336753119282754,192.24869167512313,18.57165482445808
11029.401665922072,20.53226427452045,11.04840097838359,103.1685395099336,-1.0029449131287684
1654.1630620371943,129.24741672673915,26.663279200708285,154.53686593182823,-7.138606934644253
19703.93801395502,-30.150020036599642,23.882178450336312,236.6823768971965,14.30654168431989
38739.27399366103,138.4081370461596,18.376446585688335,195.10773396779183,-10.918787007486666
27969.07743424509,30.27323236416188,12.622918322310555,198.15209363373415,-1.808646734803995
4977.143397089712,143.18516063713568,26.968412279272755,117.82972128563698,-9.604033174204613
23518.99613125473,14.832703489495543,12.963546793740637,170.6920388695782,-6.911814556995557
-17709.65861304634,144.03260303135627,24.281169150546127,112.66374845744537,-10.768689168593589
14017.304162832057,32.913968954164105,8.891771604786584,141.6660252497464,-1.3547275869798323
30645.060211505537,58.12929960958882,7.61977516557072,180.06446785135455,-9.597130501645285
18600.804100987592,-18.67911460966326,12.955184017954583,197.10196682459758,-6.332422416582883
11294.476670448516,27.637122355368984,10.106889992525412,216.3606738106318,1.2354091595444032
13615.590723790687,-68.4412130324614,26.553299921625086,203.26825285167934,13.502701002640803
13871.446677077016,-52.24677473038467,27.317641064371767,271.5034847389961,7.784339525127536
18756.749116540694,-31.002994846468113,23.068941302994666,175.8457171011462,16.614361247102906
13527.949834365514,35.82872735626051,8.421747743304264,173.8449896778361,-1.3939159372476313
14696.593303968279,-70.97332075657064,27.18931086244867,224.38615911866583,13.051303264929336
3985.0004559373774,20.740217208611718,8.578412021107072,181.9983759580854,-4.09409164679745
22251.107459350016,-44.6947044715759,16.834404261116003,246.41444910117835,14.633118767042346
19735.524097916692,-33.274439320352656,25.81913359378184,200.65184084795104,16.464856231706165
27850.791741014124,166.4647740117487,13.033969448805037,290.3570847275158,-8.126201980694685
20189.603149219365,117.41499534900493,23.380380474789778,288.81242508385316,-9.506362500971676
36061.56955975762,123.5478366718928,15.69113780021419,263.8391683506406,-4.690534296590071
-4654.5743874942855,152.94039370619964,20.45266161934427,98.83183303428416,-11.828414731096714
-3248.744781584952,133.2993624697582,22.96570952634488,58.036377451854236,-5.2010502253595945
34061.71449036818,103.78467138254886,14.528049201999032,262.27583336314353,-6.401853906350043
17227.36206267446,139.32843828421602,18.586954081830168,260.3495846232172,-3.2123860974665046
32000.483066049735,136.43008174871065,19.056457385156065,258.083556605335,-8.22615137950278
-2229.6458850902127,148.97108308726183,26.09708984904008,78.25402324801225,-4.531485414572815
18696.651997230703,7.1123709221119285,5.971575561354792,184.90439341516625,-1.2032161580054446
11898.327468884847,148.7937563213891,23.879861462834494,46.83381160994949,-6.866133748810849
49082.76558084183,125.16755067090135,22.232724867885956,233.04372835204936,-8.907645511259838
9195.072708885564,128.66453356899436,24.718121329122557,76.90641154434665,-5.186688986066494
-9700.496260660679,149.18262009647265,30.832375286770144,29.73331193613788,-7.8238431448643855
-2646.4014150545263,144.6603110673986,23.451299337660128,69.88211848696449,-11.84439795536828
9251.777121188723,-48.03652505112204,27.73692828374089,230.4027447340873,12.111957722115829
8600.814779793618,126.83668075129293,25.758180192283326,82.9949861203349,-7.508379017669428
2647.777152473871,112.05095901617668,24.672209976382966,55.544007529806265,-11.186998521333209
18158.70473132069,28.885217311653626,7.7044457087611,77.47689306096629,-2.513582817042767
26191.106199235986,-39.57789843504584,26.004161219746607,208.57419885287712,14.607824403464763
1634.0357628310303,162.26653227930382,17.444400039900998,89.24328236646528,-13.18093898787744
1186.7316061655583,147.20266817995676,28.032059804703426,114.49913483976701,-5.119537534225286
10240.802618474998,174.16602711791035,26.368834270337814,92.41490214056233,-4.591735889461715
-4965.348381341726,133.96527708536556,24.17428381699599,79.31577371911922,-14.44169501169089
2701.103140105435,130.10060104150506,24.063856899039823,58.075254600419754,-8.951303829196638
31060.728858393253,-20.257784107462967,27.719233408431794,258.221813173319,15.657986340341731
5785.001358387228,160.02854225715663,19.698613046920947,15.451328382244185,-5.152958725809539
24605.50291655467,160.4509468944644,18.936138136698347,276.5978830380185,-13.542537358685642
3111.148453440597,114.47592487859157,19.946146246895864,79.36027170552805,-6.79700436221931
19965.57437757553,6.2981975797505285,10.333658510082637,195.76529670806158,-6.471415551526016
7400.865626431463,178.2067479804815,21.444780601215783,38.88443684533968,-13.367031413439264
18542.57178746102,-46.01773195197259,24.570322894421423,187.37372755060997,11.238763718574642
11536.24951199026,131.28723077041283,24.928143768027148,90.92995728287187,-6.9349410677149645
9049.886161533126,140.43364112411467,26.704566073565704,51.74683889896144,-10.200543796298996
6743.355918803929,-21.668452146327027,26.79318977732114,261.99157646852154,14.638330328271
44718.84931373292,129.61206487382293,18.2967712326629,227.7001490848499,-13.149799226698896
12940.960215565268,157.1732260494599,20.065577401062598,126.23053777189659,-6.787604891676509
51447.32071832192,147.25035509566,15.705847180848256,259.1600019378295,-11.683299392984505
22141.00037155407,136.43520054417425,17.233804928462806,209.41479338196717,-9.602555260960404
5533.113405466043,144.63469046205086,24.97212417557239,9.048841940481367,-8.61682368892537
40017.18170306495,168.2854238702215,22.131029187014356,222.15628400894255,-11.454498396347613
3485.9634143289513,-20.912187249502537,22.44327110060326,216.13843158685208,13.924610703534647
-720.3613098449714,122.89846514471924,23.344560633865683,112.00395948490987,-10.450269852156737
17602.901916206392,-30.752402217911083,19.903473724901005,267.297154119567,11.873719956791499
9644.422195142914,164.10410916536208,21.07025293440172,70.37646921027442,-4.034377772251769
18106.424818300253,11.118701672574247,12.408148302819733,131.7722565584215,-1.5731325705363304
24787.33752792005,12.04547085278854,14.408923873365922,161.15714852026196,-6.646695667611759
-1885.6481396337767,146.64822202641932,24.499149791535856,88.86759985778593,-7.959331693893956
21474.880853239734,-42.156360857027536,22.85451524692248,283.11710054823874,18.539602103234554
14805.972930074488,-18.783867976349512,13.243555628811444,110.82551606915669,-3.265461648528847
25465.569700365726,14.493519422723537,6.392155585619722,166.88958791520818,-2.4457343653731156
11011.183851830625,-38.93882952208628,23.359139157445625,219.67337530106784,9.103950720826315
29019.19619595223,117.13114872094889,23.11278813815173,249.4328140382024,-11.004713991972203
12979.576062733788,-38.6745716546761,23.73750648249458,264.444261755545,8.473971286532054
32292.88429590332,173.92939836214785,22.225054133430987,229.71845217355596,-16.25747152692326
1138.1324276123123,145.38255604654864,19.9070944579951,157.2859445386631,-3.1778191459552563
5577.956353144196,120.94838858429227,25.56807167197782,103.30970809171853,-10.777050697445468
23356.751964440016,20.92761770912501,12.142863481307204,142.94515180285254,-2.6021898232840917
12324.0540133158,-39.37526678574743,30.946211198496954,233.03523367490362,12.24788265577815
39084.75843358417,153.19387724231453,20.766803336374018,243.97596083312195,-7.6643713749038636
-7810.169193626054,148.19710918662594,16.899918753552363,115.31476656063262,-8.201462844832935
11945.237802768628,-48.51889875378427,24.74950308346148,207.82862653139944,10.065427725186261
8858.571671196805,-58.33798195244495,24.079684658666306,268.09550805501726,12.940255750709216
41003.29406903784,139.05042759213012,16.73937651825099,194.0179769382387,-10.098799238503604
48989.28613323102,139.60547069533393,23.97368863989822,160.8710405561223,-6.293546869176868
16862.909355642376,-18.619314532240708,21.627418135158482,274.64236153115485,17.274248313861413
36913.935972883744,155.1958547503636,20.364665747599105,220.1098010406609,-7.675067565777299
46375.04055167105,121.72874405492833,21.071957882005776,260.4985759481416,-9.651944892382517
14195.870046086151,-23.59732763116216,28.20920398569166,318.13291395784194,15.061802631482545
30287.458580233055,116.04616647811963,19.890148580057872,216.77287132028553,-13.026015511095562
-510.6695768529971,146.5389269973474,20.409507936163035,78.73730588042906,-5.896352802948307
37262.35635230041,157.73379657087366,20.9105581362395,228.34496371623146,-6.444158250357507
47894.029032320745,153.91761037201792,14.568255861586671,209.77454958170452,-5.936940818337892
-3736.496409950938,156.434847610338,25.99890139720206,98.47240385086572,-4.1765203110461915
10171.699887126459,124.29868253092776,25.163915602935017,124.80364385737275,-6.566575749648367
16101.882412806808,-30.644189300798615,19.959408260337778,224.57442437689468,15.705697150707298
227.84587702373392,143.3923611179844,22.89421527881167,94.9514432683665,-3.432900966222425
-710.6045737755994,100.37714714257424,22.173239462151454,53.77932964599128,-12.62082875809881
19919.957280075694,3.5213073902521472,15.768267260138167,173.35832958119892,-6.917724650683208
-3962.733900051069,142.8723774784832,23.070708819039382,144.1119095750047,-11.884965138912968
46955.84550363592,129.5278192977015,20.61121595689489,262.70241528169475,-11.54004579703679
37558.481574083344,139.78098497533318,19.874011954759766,235.13258132109638,-10.480240402943249
45321.581078512914,129.57770592384182,15.054373783365524,192.76451847309752,-6.9412245282656215
2834.2353993910438,174.613111034555,24.1297810179109,84.26727489579906,-6.760754379415019
14608.657248024276,28.09352887508875,11.87998808088043,210.80755279248552,-2.4846503830488134
10224.22183620528,138.3374595585239,23.354162781238667,49.78601385178362,-2.63983267828338
19760.41329003619,15.307112692609401,7.4225598700581275,204.3975805923326,-1.6348155571769034
4961.709036622531,-64.79540974607174,20.070076887287122,278.323527800099,11.667328674164477
3952.7157745549266,164.74995114630747,24.630300613888885,117.97533300338333,-6.327365377365595
1451.8606955892828,144.76584778986108,20.11589043282707,63.42515979747236,-11.580754108815881
23822.643308165003,1.0885511813817885,4.7193485687300445,167.67026005296913,-4.147648072936638
38936.00891992924,171.2717743713622,17.2121942181875,291.5423077737721,-8.165522031914596
19572.147691295748,-39.44075923724647,26.10655076247601,242.38023714158712,7.396503412780204
29733.849328129836,-15.234624642277268,23.180497565638582,206.85748169861319,13.74556185257543
30217.085930385467,150.4336331819598,22.455031133004965,186.70120908612122,-12.309029920299864
3875.5209683953435,-25.136630909152714,24.413534239959,235.03160728956473,22.9022258153764
37717.660223435705,-19.713083855308298,20.59382273237334,200.7722659949764,14.768501296997293
26274.057341499352,2.01176660019064,8.183468369002236,167.44047118271436,-6.089267149967862
11601.100680381001,154.9693519740959,24.16387662049194,35.289021184461575,-10.607140197554367
12244.537816179633,-19.16803214033341,24.850612362579618,266.02921495095006,14.777101563725243
22372.67525746748,17.27124230906619,10.150277359666076,134.4070853702527,-1.8049514272049203
-3540.8881694715456,141.33035798566215,18.651850735425633,70.20103185704733,-8.581627791824987
25779.647644788114,133.72113386749453,23.782037044359136,264.97004594221943,-9.805210785526118
19305.08186338063,7.463602881223764,15.1573303541778,191.89774794753848,1.498065736087427
28644.808874429255,-1.9373528992040079,12.416354097365545,191.7516339561153,-4.773368917390217
18364.05893714083,29.298304118487792,13.938306693599337,130.77588576135602,-1.5890471516857918
37458.023800726296,18.813840015320693,11.436887677042588,208.22503894942068,3.6801277663595524
6417.21526145003,-41.51862642565048,22.095484468369506,223.03030120314185,15.088638325103647
1222.133226008169,131.90747321961044,22.13460588279119,72.52717430242117,-9.159938059527992
-16641.08172289534,129.49699837955075,28.185204726719707,67.48218326954884,-11.248641204942892
11249.052723344947,-34.79221005832946,26.14610116190621,254.60607282486174,13.55076891559008
16961.546786649305,-1.8366479755041496,10.9479603675695,170.89856079319165,-2.6271136468581346
-3554.9564781443987,-24.368478897771,20.546409735751144,233.703042640503,9.81256403366374
-6906.253797414087,165.74588365658704,28.719295562930526,34.4558834476299,-10.799087084375113
573.916462195135,175.00056550485215,17.802658890398792,53.396346922130135,-3.2347062621770952
21303.586032708386,130.5584350666407,15.310488292233707,288.72384848290574,-5.729803114274638
36200.626282359844,142.34356657848306,22.899284571981273,214.95532354919754,-7.653234455683837
16922.76369819945,-43.88869515260994,22.164275169051248,243.03032118867475,10.106486075884998
26246.474567472545,-47.38963105244068,19.04742597691556,270.67141539239117,11.269013634561805
42049.81617270552,124.34162783437839,17.40845079036879,296.88433429481825,-9.33130158459258
36286.43261929565,157.65959220688032,20.04302020235984,249.5914735410707,-9.994885280669942
22265.442484804193,142.93967600352462,17.29439827815104,265.03639372270135,-11.136816597600642
-8805.986180171334,139.48682071229706,23.147091780891635,163.5594370022097,-11.062902389038467
17535.965241761318,29.1526920381733,7.760219882876474,149.90243028244834,-0.24192571586088363
27711.73774063957,-9.143212370287202,9.941939283638646,149.60094499415908,-2.2133750358999507
33583.67642310594,141.58467293609795,17.892931806341075,226.42850685584517,-9.686770752708458
45903.24960634443,136.10953092366077,15.960179946231191,316.6641877763104,-8.581599080259075
39077.45130660106,140.82643888054042,17.324956629638752,303.7817163585744,-6.857497315348507
26798.80286509762,12.140111615792215,8.749487410079013,202.48299462562497,-4.0022276169169295
8834.065375938939,-51.428223785480526,28.023350184241714,204.7636479112637,18.250921971609706
41031.81808890966,141.29518964788704,15.430780999890494,269.3513982622288,-10.240524131786477
-4292.932816359993,162.72625401184885,25.635752643732868,83.76505868998414,-8.980729949013647
-3908.2285799763704,150.34787950031404,27.13626164129735,18.431079090688513,-6.218766889243531
30537.77195340406,153.18695008356812,23.346671248871054,251.86644077552566,-3.128866944628342
5368.253067324586,132.9846274757489,23.98469480939489,29.198600729361857,-5.917258810001794
18357.610506419664,26.90392599535649,14.805934531105484,169.45363064847368,-4.51556355264294
22256.201909433967,149.22897080091747,20.28554184149084,82.07171685863827,-13.055740312115333
18908.16303538158,21.13229478638379,10.565311507259134,207.76912382692387,-1.7579074061860513
14245.137494217975,-5.533369413320969,11.396272308966388,202.61142872211352,-1.4128158307346679
39221.12107055049,151.70583919028772,14.843998935116678,273.7760149750225,-7.743765159819297
39777.66721143896,149.6495144959647,20.521154964810698,233.9047639124834,-9.148716481502818
31025.33021161413,124.07947381106653,20.72717491818576,232.7595101190391,-6.617252900026264
42419.9919436441,163.9331135241635,15.566311175975656,303.45439491850266,-14.615517780870046
9513.23513956862,38.156607211034775,9.291073491645346,197.7265110422584,-2.7224241411350043
-1942.4862516774301,1.4001803064503875,9.525435737934881,191.77781223898344,-3.2829418340477154
39456.88887875569,153.48732321633477,19.526609640282473,271.4278049307752,-10.311119732603657
24992.61141771905,139.15166430227345,15.646709073168832,219.90831044474987,-8.617058368353298
8104.68529140843,-45.95490138478337,27.168905910511064,256.8480117433249,12.606106814332735
48024.1176861281,174.62633313627197,18.191241991137225,226.09831803679148,-4.399100950949437
16288.114640378582,146.33237635609674,26.368297564572906,90.19424763932818,-11.737177628343765
14692.340919061906,-32.09029090775468,21.984569297591108,227.32225568758122,15.490047185325132
41316.7763888012,147.84965054566635,20.824900731374345,355.0453383984563,-7.046582850223039
15417.984985688396,-51.93880547731203,25.620123676162216,205.07481096248944,16.885941277226507
-1030.2258376471873,145.9608899339782,21.93406247578654,78.37604594825939,-8.00119998424332
12083.337410083695,43.60989959261439,12.701778890353062,155.35855838022775,-5.184990134244208
3817.8808931065214,-55.28478960000719,21.06527081180024,244.73429754019472,18.520448110297092
-6474.19309860588,140.9595974231861,23.278141686328496,102.89947595816777,-5.721979845561734
32346.12445367464,152.75251451681407,17.321885734549028,226.07789068237125,-14.427876575139134
32518.75612401175,11.588073564710882,13.296776293196205,154.5312122335035,-2.261487508844752
36593.4885737345,147.71767046669007,21.877023254966566,203.45450146714137,-9.762758089825386
14167.673595665525,-27.58690843413737,20.767226957383915,211.75291339274327,14.74012194548295
55479.62877402331,139.27857932647944,19.883054812601106,270.98302555904297,-5.4426765834285895
4480.758206712759,143.0669108545681,24.79842704032658,68.92763507813544,-4.064537415276831
24214.232154335634,-53.62060485103605,24.832085380541322,253.3104997072007,15.402219933631251
-4549.563095379446,133.29865897766308,26.857909492548863,128.02570644248982,-8.441332620652137
20673.77591891735,-17.496290789534754,17.036082596671434,211.49734128452272,-4.542420340516285
29124.693043742536,166.42691793333756,22.086792851898586,277.6100465286394,-6.594238190172835
7645.989276159853,141.06151099064863,23.105141100691377,87.68821880476165,-6.970280122435943
-2878.4136629236236,150.78460112071588,20.350823529252832,86.70517091899839,-6.3863838093078815
2702.646976780219,110.69246484118582,22.60830674029129,59.39345124350103,-7.201367054990438
28507.248003170993,1.6855839948315605,12.503707034438566,125.8869782597087,-6.889213385601664
-8942.43950003734,136.46093822911433,26.223643007450807,100.40448692462915,-4.79173497563187
457.5235844519557,151.42495824284862,21.691755494313895,100.2806315321663,-1.9215391915352882
5252.31579770329,-47.78403593520957,27.23422624814568,269.0397560585661,14.862159372133696
20629.774434328527,19.659324088997728,15.232819130282785,186.19982556891557,-4.85453671544896
37208.80127403055,109.13122978138506,19.012397553917836,200.32930866366905,-6.750236735812425
15247.347348719777,14.706433147246457,10.268261741698876,173.01441299768814,-4.327667548523834
8098.320453917258,-3.763379101337982,13.10054101565144,133.55691398991738,-8.144450795562836
48553.59292641144,141.30338589669748,16.69590506847141,285.15711599690434,-7.142524251248563
20014.098895951112,19.126738169239857,13.030947890542402,114.67542638177235,-5.634900201505145
6105.437657215334,18.052356112996417,7.824934238848167,197.46149088186638,-6.238787427835252
-16600.115494432845,163.13645122372168,24.311776075321994,48.724994835594,-10.952938490863689
16089.942230010682,157.37434678756478,14.060616336121903,228.59016543672067,-12.11826406618097
25911.02517723165,-48.07274025322813,22.249469811046644,225.96369903182253,10.46291728706568
49998.30478601902,146.4281464224739,17.164722105180978,237.79032134908346,-7.084273644737372
29755.147139153298,142.13740639418634,17.179395227638683,275.31479254655994,-13.328815096653862
54636.08117916681,119.29927428052927,14.343561431585528,270.1405066391038,-1.4399971632847217
47771.81298457339,137.89202747649531,19.656487032870828,234.27123895029854,-8.712517239558137
49300.802977716594,132.2999608746842,18.019197221168632,231.00985541299943,-12.792605915405371
33871.58103399787,147.3275586681791,20.28074398831705,270.5895920065516,-10.28930357886678
3592.6721950464052,-50.81073293806381,24.337281550550266,191.15034036265848,12.795339898545604
27448.820672849717,131.122346622715,20.239103474883812,191.67358167286457,-7.437830168421343
5974.518524084764,127.42692300444332,22.305337959034198,61.52967039778659,-3.735276599598855
6706.285274326263,134.45153460001444,19.728705654745788,66.20528257991373,-8.280577384683523
40618.41754150089,164.34853031786292,20.64036057699814,232.13869462009518,-5.866992877437468
17679.779068306703,-17.973398628780345,20.72058463364007,149.86064002265874,13.874451746102903
25247.44360061253,140.86413548190393,20.058925177620647,212.3338949256824,-6.843477005970419
19380.289863169015,-5.443445895813603,8.385474380494518,175.7124062496455,-0.039033751972601394
-3262.3580886263517,139.6537399942633,20.946445068643587,136.9837415464147,-10.297317593196354
21256.637007222078,-20.549576994240454,26.771957372600596,250.989450923531,16.5333538267911
-7355.065860220217,142.06715020962602,21.61588272147494,-2.9478164287575908,-1.5680852382109869
-2471.4052651889797,140.53874060199365,18.37925314444057,73.16151108948426,-4.737289779977633
29446.85866436679,138.00716900666382,19.6406445675919,254.89655870057712,-6.62440974803587
5209.158107969059,153.08472933063393,29.467336326505496,51.00899121153299,-6.306105081281611
12848.26894501011,-44.25964980201742,21.879815277501898,288.90727538136673,12.355941704207797
21529.14402734103,-67.93483483203764,27.324837845895335,204.11084681886007,15.515195469041391
13054.987718261757,-12.215323354830083,10.55554352804522,159.3996960410115,-3.011413020919255
-1415.2607860602438,137.81057132565883,26.759407834784113,28.843393280447856,-8.892563637265003
14827.309365552283,147.0169023787409,28.1932763292842,62.94465440559077,-2.2728155440425013
9871.384410021623,152.73513497757716,22.90915389142655,102.33136283016442,-9.847679015678022
9884.23024319559,27.76708349071108,11.453738262075268,162.6814297605011,-3.4104552981832565
42013.23570761029,142.9419981293286,17.940456828804617,245.28609346576388,-5.538359132723224
-3973.918767869698,157.41230189383785,21.402972444520877,92.5306014124499,-5.265969273878607
42515.158075985775,123.30203095854873,20.426986911008356,244.45695992520632,-7.281900590278093
-4889.409045281289,152.3146601275326,20.54164609755859,72.41463986315793,-8.612271054429694
15647.619057202304,-44.92906592425862,24.318216419219915,237.79511592112345,12.212870022195435
8419.756024580252,125.49412071087121,24.954605445055442,103.70457228069048,-9.8173167670047
40422.53838551682,147.5533140762243,20.061778969927925,222.95423906345204,-10.774124486116694
39374.23489209032,154.88322604116593,24.27618100584393,269.8944956293585,-14.281877076297476
13453.07885689351,151.64385176031277,26.389447388889042,65.20060765574635,-5.163425630516128
37255.15781886712,141.0463144310986,26.66948400991206,233.69256473538096,-7.854612355301702
34339.35253048024,149.6345892735775,26.09183624586939,244.91938133056948,-8.014592623401532
8685.503435180413,-53.44263814758257,25.26884781919424,242.52633480837102,11.157690451830058
14455.928260766188,-27.761647416031252,27.517152781381157,216.86632088204502,9.329204251168484
-6917.465418617096,157.38743577323552,25.97656724234318,139.8242503227931,-8.956061089604468
-13920.799168973768,155.50507868187492,23.943895148385735,100.18370346154813,4.051711807593005
20305.952053493824,-18.394977174407956,9.93770897506009,106.22757465531386,0.7582689308842312
9691.07389430848,-47.69599154012684,24.14261437524304,226.28328736636968,7.385003680714455
16175.841155811031,-41.75611729348128,22.697038088527027,245.50564485628536,14.648725060550046
-12040.98345896259,172.04644806297557,24.466548164129584,58.88686231501947,-6.123114053348669
15601.005020506745,-38.522782383439306,23.663361681458653,245.10172521305287,15.798197905844722
46148.98540996811,123.92691136798476,21.127564493288993,257.25643141786617,-9.68789370024451
14608.669697454323,-0.8816037957580107,8.711147912848652,119.64595086420357,-1.9362072508237054
-74.43544246857346,167.84070152166663,25.334499502194706,80.82577958803671,-9.285190427194355
23536.218724209833,27.435944586328237,13.574566842187929,180.31750690398937,-4.044737220867422
34233.470326296854,141.97732382746747,20.909651759565367,240.9291957885858,-8.637479308690892
9442.92778201947,19.666286913973572,12.84947361939812,115.43850070697118,-3.071896652490093
24939.631330654327,146.1312081210624,21.221345491564428,224.96779980983342,-4.037294092432441
20434.959771967326,-3.415212353400932,11.945820279686139,143.027107553637,-5.249475216732698
8096.967099078451,-48.549452124232886,26.18876937997415,245.83345815547145,14.374793409662495
21249.51419190426,-32.66590179311845,28.516304093245644,260.64144523538226,12.907535159890497
3486.628604018173,150.72025125167437,21.768285552444226,85.96887462248571,-15.191983371954944
26685.04575089045,157.5903175643076,19.310456855514964,210.01813414737612,-7.372943959512728
-6453.462726361839,-28.544765918413688,25.23125441515373,239.88474200390658,12.15734775257516
21208.778954501773,-54.4744229524572,25.364786423330855,302.6684847897827,10.564749337082548
-4394.438151266018,137.7778874310742,28.96076860403744,101.63223800732322,-11.733446019015648
31650.59289145945,121.47304073231196,13.943596925743368,284.34472302349013,-6.796157413240367
3521.136809791191,132.607739399085,19.905859627204293,103.61698098831852,-5.838412559050543
7173.970605049981,145.87463898732835,22.630280941682074,146.3415101428972,-9.751803368087632
33796.96520419255,133.6544884646889,20.463114099591095,226.83385925420674,-7.889929811613301
41917.689575513105,127.86955103348113,25.55691949951258,209.28287223382358,-12.401820220665737
-1063.0086070591642,127.0309303467935,21.94766705802943,122.65012077718765,-9.333006572764646
27133.941421714415,-55.22144966002631,21.894537367954616,270.97584870258856,14.137389044318763
21483.98419285544,-38.67218326237602,23.858373343372605,241.1199814816449,14.964260457367448
22045.93037765978,-31.970951351658314,8.419701669906116,138.9963886295148,-4.119856427195799
33891.922051029076,130.34292279337754,24.576120393299494,251.6128450076433,-12.541906245307676
33011.05745294473,127.18299973678597,19.425322556290684,214.5348901864835,-7.9478839049630245
23343.5485661827,-21.482700513946355,21.374146540351813,228.12157605864596,10.005789106384011
10427.280724018172,12.742464635418564,8.036292910747727,149.00230404338993,-4.621630137262853
20822.357889545634,-24.05369943780245,24.91226648987295,284.7719071289414,9.897835769441302
-498.3596505153546,150.40672081802742,23.529175120670022,67.1213020292493,-8.223895542668872
10834.939748554767,145.99641789111575,23.53649921914498,101.55737740478769,-10.31211052248475
-418.1045712199557,8.682950438539798,27.815216258195562,247.1431721211583,13.158221109992958
17310.618741926788,25.215322809001126,11.613067319491392,182.00830705887972,-6.637392558615009
7421.458952798916,-17.219291870166046,24.35128143414462,241.01149338562894,15.447546381611488
32210.66704574124,23.495028576756148,14.478772997894472,155.37751747723576,-6.820081842309893
14939.845172464476,-16.08619899754268,9.999986690185203,194.76287991149866,-7.173530749308707
26381.646701540743,178.60071419164052,22.75335842427432,81.74553419537102,-4.740256769709886
43619.46308469492,168.59475602179242,18.543593324447592,216.85130874808993,-11.42779767117911
601.4309397413526,132.6450979300234,26.443827011266563,134.5978576639593,-9.177685763255587
49668.628476520935,119.44133940875984,14.169610354390738,237.79696271191608,-7.607058035484618
17732.606249930304,-4.2782823963027,4.732563632089503,128.61689526604255,-7.472338866774303
-8185.231736035545,141.7474307858894,24.806058912702454,138.82646895911938,-5.60876457027058
13615.26363883917,21.82778112955523,10.399491841298845,158.84057511337772,-3.2177579995315018
19944.13828062843,-36.589572040147814,21.72783900835274,276.34314974721826,12.847314392760907
17882.383450200563,-5.028160912717247,3.4960742128106963,178.79179639925817,-1.5241183233144273
8354.463213468276,162.25489110871268,26.469810548151546,111.1015542734998,-8.672261505298302
30024.989446256084,131.64839533794162,19.578711767719128,224.35912405532866,-13.411244675500939
-4181.21245162814,134.40772953447146,20.85157874706851,52.94859631433371,-1.3526871026650902
13206.547516120627,-50.32366541841243,27.8750672467932,241.08535415744177,19.02647516910084
36728.6635457083,131.96907497984898,20.477166015512417,238.3343526060692,-5.4493487362529756
1479.2915904074034,150.36962531184628,24.55232289968079,31.655291649858412,-4.535178349033407
10516.58676047947,-8.182468853460762,25.05665182424562,229.48635815792025,13.876944029436544
-455.08392920564074,149.11703794974318,27.960186894161193,110.55492356787717,-6.4824048106302445
7411.695462575408,-44.18977310347613,26.733659103694738,265.9190680195778,12.441002268849271
-4153.022617659022,113.70465246656929,23.732896869895015,108.73091491787079,-8.093172708079807
39723.777874028994,128.82872353169284,19.087342632677228,249.32626598791904,-7.795182735951721
-417.45127516813955,140.80696570343122,21.414503913763355,76.29447805364818,-3.471407276271865
13336.532849512092,-0.14608489494883514,14.27846698772171,185.5376467067496,-7.985646432108599
15341.364195330592,9.128836059311652,11.783062080226424,168.2744989192321,-7.142852895920413
21717.481127664993,-25.476175240963926,22.89781351529059,235.43235328369116,14.170642963306717
-13895.75622305597,142.49555592877982,21.489243664664986,97.90353279033512,-6.31686874961137
41778.1891076545,144.81161360013627,28.516400097821915,273.05064102185196,-9.14300715674484
11788.400551265433,-40.59998234862218,23.287300603928365,284.0200307314059,14.303137405648778
38310.71924970155,142.3973877039114,18.188921035814637,237.7550249671826,-7.8358490756263635
33352.56982543331,139.65156222874324,17.64948335905491,218.0780201984997,-8.43996369922685
14631.397133641767,129.7993672332579,19.837654100228995,119.05508054225234,-6.711342682858232
28060.4782765804,-38.069980241920675,25.339148548153457,202.6410617421061,11.473818887723386
-9534.523970600254,167.82955510510914,25.019919294698873,126.92348362568427,-11.75338455717132
7696.833890022615,-54.40032139004799,27.497968606918135,291.76440587474127,13.009555456229403
11026.0802512249,-40.393535066453865,24.691110415184998,216.89905530481633,15.267744413373395
9527.425634207924,-32.02236189939876,23.225527789784657,240.01243657093514,14.961755855852916
26730.322247640004,-33.0490773345752,23.707871739427944,240.42474685998414,9.571679909932666
24728.140939811492,-15.563536787523333,27.64197852544129,227.49739531574207,14.534093382851646
14976.160238905053,-60.95408317682514,26.927213722066213,242.9191972853186,8.950248613447027
24756.83577827086,138.66776688006198,16.313984351003448,206.3557141623415,-8.219571928842104
18737.438690285395,-17.359298672163675,26.598396108605822,195.35359564448896,16.478745965010575
39562.94756450657,141.70587784126135,19.091978288757637,216.84445601281436,-9.601279612902863
37718.48852452422,129.64697866209443,19.921697404658868,236.09355218808975,-9.42216318090221
32257.222901266945,129.36675229844525,21.964530803289527,230.6149033300538,-5.016028164281339
-13846.801715182744,134.87899276454124,24.67076539017753,2.51049898955344,-9.226191840170866
19661.874654113577,0.8457178376340906,11.58400726731574,154.55383882823708,-4.5639203701483915
